first_name,last_name,job_title,department,email,address,phone_number,salary,password
Stephanie,Jacobson,Phytotherapist,Claims inspector/assessor,alexisbrown@example.net,Gouldhaven,001-342-997-2081x955,99128,kKXvh558
Samantha,Crawford,Company secretary,"Engineer, production",stephen86@example.net,Kellyton,470-959-9447x730,55432,bJcPF0T3
Rachel,Munoz,Health physicist,Financial controller,loritrevino@example.org,Russellhaven,785-991-5178x761,20699,hqBeVmx5
Brian,Myers,Chief Marketing Officer,Transport planner,oconnorjennifer@example.org,North Rhondafurt,982-678-2330,67994,WnCmm29d
Dorothy,Thompson,Sales executive,"Scientist, product/process development",brownjesus@example.com,Burnsville,637.369.6613x101,40010,eBrzsID7
Kimberly,Huff,"Administrator, arts",Tourist information centre manager,johnsonmicheal@example.net,Lake Andrewstad,(749)328-0373x311,80736,FTPkaR0o
Jay,Sullivan,Toxicologist,Communications engineer,williamslonnie@example.org,Scottchester,001-432-972-3695x20890,91309,zcMeZVNH
Donna,Mccoy,Higher education lecturer,Adult guidance worker,ischwartz@example.net,East Cindyburgh,001-234-716-9494,15882,FLakM7xf
Susan,Erickson,Civil Service administrator,"Psychologist, counselling",juliewhitney@example.net,East John,+1-339-789-7804x55726,9135,DEW0hxtj
Thomas,Thornton,Colour technologist,"Nurse, adult",hesterlindsey@example.com,West Rachelland,001-408-319-9984x337,31375,q5I2W9SC
Joshua,Cohen,Ranger/warden,Retail banker,ericwerner@example.com,North Ryanberg,253-439-0442x868,34346,3v2bKpOT
Kyle,Smith,Tax inspector,Bonds trader,wellsjessica@example.org,Jordanport,+1-631-599-2462x2081,40489,zbi4Yihj
Nancy,Lambert,Nutritional therapist,"Geologist, engineering",jamesortiz@example.com,East Tina,925.642.0987x87925,50526,UsiqzyKl
Danielle,Ramirez,Building services engineer,"Nurse, adult",virginiahicks@example.net,East Marcus,883-281-6406x4997,30829,LmqxlEfu
Alan,Dunn,Accounting technician,Legal executive,lkidd@example.com,New Juan,716-988-2445x460,37486,XAWqBFW5
Christy,Johnson,Textile designer,Estate agent,vanessa18@example.org,Mcintyreton,526.777.1349x216,21812,zmUA55aL
Manuel,Matthews,TEFL teacher,"Surveyor, planning and development",zdavis@example.net,Johnsonberg,694-457-5403x30005,85518,hXvbuTBb
Jessica,Kennedy,Control and instrumentation engineer,Advertising account planner,leah45@example.com,Brownberg,001-974-245-4450x4619,90889,UVcUr2iO
Matthew,Sandoval,Communications engineer,Museum education officer,kendra97@example.com,Davisshire,716-356-9877,5525,sQkxPmye
Michael,Townsend,Research scientist (medical),Ergonomist,tuckerjessica@example.org,Adamfurt,+1-399-440-8504x218,71577,cljCHjXM
Adrian,Roberts,Community pharmacist,Dramatherapist,cadams@example.com,East Teresa,915.537.0889,38840,gLA2fCpk
Karen,Rodgers,Research scientist (physical sciences),Corporate treasurer,elizabeth20@example.org,Richardstad,+1-960-538-6946x95532,55258,2JzcIr5h
Anthony,Barajas,Video editor,"Designer, exhibition/display",jeffersonamanda@example.org,North Phyllisbury,+1-287-888-8899x0412,65297,aGBae0g3
Monique,Harmon,Herbalist,Analytical chemist,xjoseph@example.com,West Ryan,001-602-726-2144x57839,20921,eQzfxtXF
Austin,Martin,Financial controller,Translator,cathy46@example.com,Port Jacquelinebury,7704962060,47672,lxZWfTYC
Jeffery,Jones,Theatre manager,Counsellor,smithvicki@example.com,West Jennifer,(763)533-7794x397,52199,j6Tbnmdh
Carl,Watson,"Designer, blown glass/stained glass",Microbiologist,tinaanderson@example.com,Brownburgh,(636)764-2816x902,81327,yKY5RwrT
Evan,Bailey,Fashion designer,"Engineer, broadcasting (operations)",ksmith@example.com,Elizabethview,746.233.5808x8929,78048,YfemE0MJ
Sherri,Hanna,Petroleum engineer,Medical secretary,emily99@example.org,Lake Sarah,253.269.9856x32384,74196,NeLG0NGY
Anna,Irwin,Orthoptist,Chief Executive Officer,khansen@example.org,North Kimberly,+1-528-744-6869x7247,17972,TP0FVVSV
Brianna,Lynch,"Engineer, structural",Research scientist (life sciences),jameslozano@example.net,East Kathleenfort,(514)515-3622,38943,y4lI7oD0
Jesse,Elliott,Art gallery manager,Patent examiner,sabrinaholmes@example.com,East Paulabury,(723)623-7871,83813,awkfmqrl
Julia,Stewart,Illustrator,Patent examiner,jamesbradshaw@example.com,West Dannyland,001-866-927-7946,31260,TA8L7o0e
Tiffany,Walker,Charity fundraiser,Ship broker,kevin77@example.org,West Meganfort,(915)976-4109,28853,YqZZUgBo
Caroline,Wise,Osteopath,"Doctor, hospital",jensenlauren@example.net,Port Nathan,(527)845-3070x51861,57897,eW9LHnSR
Alyssa,Abbott,"Production designer, theatre/television/film",Civil Service fast streamer,katie85@example.com,South Anthony,+1-552-992-0186,16683,c0ZAz22W
Donald,Joseph,"Administrator, Civil Service",Oncologist,suzannewilson@example.net,Burnsshire,544.853.7138x8926,7550,3hF86M56
Linda,Mclaughlin,Quality manager,Artist,laura13@example.net,Steeleville,001-534-753-2595x158,82582,34jyfcSh
Mark,Patterson,Health physicist,Geoscientist,smithcorey@example.net,West Bryanchester,001-277-348-5731x428,47161,DzNpvpnF
Wanda,Hood,Broadcast engineer,Sports administrator,lauriefisher@example.net,Bergville,675.293.7869,77398,GuZpkuwT
Vincent,Salinas,"Pharmacist, hospital",Trade union research officer,anthony49@example.net,Donnamouth,466.503.0510,85865,QNDqLCxQ
Sharon,Green,Sales executive,Records manager,carpenterhelen@example.net,West Sarah,5478875310,79588,N2RWNGhs
Jennifer,Morris,"Sales professional, IT",Event organiser,lauren31@example.org,East Crystal,8976207876,82434,vjDyzzAN
Patricia,Johnson,"Designer, exhibition/display","Psychologist, counselling",tbutler@example.org,New Matthewberg,718.585.2321x32109,58901,dBhV7hUW
Benjamin,Sanchez,Race relations officer,Horticultural therapist,lawrencejohn@example.org,New Yvette,(295)498-3784x4621,8187,wcMPcZ6p
Gary,Carter,Lobbyist,"Engineer, production",debra17@example.com,North Brandonville,556.456.0589x75635,21765,dfxltIhb
Kimberly,Davies,Comptroller,Animal technologist,olong@example.net,North Amandaton,(909)916-3947x1368,42435,O2cyKOWT
Amy,Yang,Geophysical data processor,"Engineer, land",cartergregory@example.com,Williamschester,969-556-6360,73306,uPbu6Ynm
Susan,Cisneros,Marketing executive,Museum/gallery curator,gregoryroth@example.com,New Jasmin,302.245.6475x004,55315,Gq6DqzhA
Jessica,Hart,"Surveyor, commercial/residential","Development worker, international aid",shill@example.com,New Antonio,786-365-8536,10833,g0PILs43
Valerie,Meyer,Hydrogeologist,Fish farm manager,mpeterson@example.com,North Kimberlyside,6702455599,67291,KdWhTXn2
Keith,Frey,Camera operator,"Engineer, control and instrumentation",christensenmatthew@example.org,Mooreside,610-422-2629x964,45354,gDHN2lxF
Patrick,Armstrong,Housing manager/officer,Clinical molecular geneticist,jrivera@example.net,South Lisafort,606.531.3539x330,39427,LSKf6mZ7
Kyle,Snyder,Ophthalmologist,Architectural technologist,guerrerojanet@example.org,South Carolynside,001-274-452-7664x504,64709,HgkVPY7m
Robert,Taylor,Health service manager,"Engineer, structural",debra92@example.org,Joanland,521.550.8550x165,87250,wsXLNloR
Jonathan,Jackson,"Production designer, theatre/television/film",Primary school teacher,descobar@example.org,North Jessica,+1-328-793-1552x936,43367,5hjmnET8
Scott,Calderon,Health visitor,"Civil engineer, contracting",smithjames@example.org,Brownstad,001-402-407-8534x14589,31906,zQ8wkVYM
Michelle,Guerra,Advice worker,"Teacher, adult education",lorimiller@example.net,Port Christopher,264-720-0924,3400,QyFyh4zu
Dylan,Wilson,Leisure centre manager,Technical author,soniayoung@example.com,Fostermouth,+1-211-810-4033x8459,76335,amFuLC2C
Daniel,Stone,Trade union research officer,Counselling psychologist,michaelestes@example.org,East Briannafort,2186278791,87297,LZEFDhnC
Priscilla,Mays,"Horticulturist, amenity",Exhibition designer,jeffreysullivan@example.com,Haleymouth,001-865-905-4656x629,26757,bFpHMrMy
Tina,Mccoy,Fitness centre manager,Software engineer,estradawilliam@example.com,Sanchezview,(368)686-5307x7669,18864,jU4raY6P
Anthony,Schwartz,Commercial art gallery manager,Film/video editor,moorealexis@example.com,Pattersonview,(391)992-5810,14010,WaC79ZAk
Michael,Miller,Electronics engineer,Field trials officer,thomasglenn@example.net,Lorifurt,858-352-8703x99919,77196,Jy55zAD3
Julie,Duncan,Race relations officer,"Pharmacist, community",swilliams@example.net,Port Kari,775.988.5565,19365,mxIvdadX
Cathy,Shepherd,"Buyer, retail",Fisheries officer,pphillips@example.com,East Marciaburgh,(829)957-4165,69331,t5Y7Ee7k
Denise,Green,"Embryologist, clinical","Administrator, arts",timothycarter@example.net,Port Brandifort,001-504-986-2081,19765,naReOIme
Angela,Brown,Agricultural engineer,Multimedia specialist,hgonzalez@example.com,Fernandezberg,324-700-3939x61426,71509,dHW5bszc
Savannah,Sanders,Psychiatric nurse,"Scientist, research (maths)",cyoung@example.org,Rollinsside,(553)937-0928x46163,59769,Ea9Zyn1I
Robert,Smith,Barrister,Structural engineer,cindy03@example.com,Ramirezland,503-437-5206x00953,7219,axGmgY3S
Sean,Hall,Media planner,Environmental consultant,meyerrachel@example.com,West Richardland,342.764.5624x463,60948,R2dxalIy
Jessica,Alexander,Housing manager/officer,Freight forwarder,youngjames@example.net,Dawnbury,2616231119,34358,FwCFaBuZ
Charles,Carter,Medical sales representative,"Engineer, maintenance (IT)",rparker@example.com,North Dylanton,925.731.3605,22717,NXSzadMh
Cheryl,Conley,"Programme researcher, broadcasting/film/video",Location manager,jill76@example.org,Port Destiny,001-433-678-2938x6742,22239,9O9rJzk6
Jose,Ward,Equities trader,Health physicist,lee66@example.org,Robinsonfurt,989.633.6373x93503,28043,P0qlxV0l
David,Anderson,"Accountant, chartered certified",Musician,gsmith@example.net,Millermouth,640.733.8373x7610,25834,0pmKPYJm
Tonya,Ward,"Teacher, English as a foreign language",Charity fundraiser,rachel38@example.net,West Elizabeth,507.818.5813x7110,94777,lFek7XEZ
Heather,Allen,Child psychotherapist,Public house manager,rangeljennifer@example.org,East Sonya,(284)451-2613,81178,Jm3G53Md
Kimberly,Myers,"Designer, textile",Professor Emeritus,hsalas@example.net,East Jenniferburgh,539.679.7265x631,53363,O5aNvgd3
Jackson,Mathews,"Exhibitions officer, museum/gallery",Midwife,gterry@example.org,North Michaelmouth,001-269-967-5442x359,83791,86fUSSL4
Gregory,Sanchez,International aid/development worker,Commercial art gallery manager,bking@example.net,Christianborough,898.436.6935,96496,kssMxPVn
Ariel,Stafford,Trade mark attorney,"Engineer, water",jason33@example.org,Danielberg,3276411090,27689,CmEmjke6
Christian,Leach,"Engineer, control and instrumentation","Scientist, research (medical)",jeffrey40@example.org,Powershaven,+1-265-447-3520x8479,10804,hLPxdErk
James,Deleon,Private music teacher,Planning and development surveyor,joshua95@example.com,Dunnhaven,001-321-616-6815x73188,11699,rmV60IDv
John,Campbell,Town planner,Furniture conservator/restorer,rachelnunez@example.net,Hollyburgh,+1-709-913-4984x084,95034,mcNlOmut
Jeffrey,Williams,Estate manager/land agent,Ambulance person,danielcox@example.com,East Kevinmouth,(822)353-3487x89342,87890,ZGj33m2Y
Katherine,Long,"Engineer, agricultural",Firefighter,candice14@example.org,Youngtown,(822)632-6327x07641,12781,h4fx1E3R
Kristina,Lopez,Charity officer,Chartered certified accountant,yanderson@example.org,South Bridget,(364)591-0586x1129,7872,HhOxJs5L
Mark,King,"Engineer, manufacturing systems",Dancer,portiz@example.com,East Pennychester,380-897-1472,38947,mPoxxefN
Robin,Johnson,Chartered legal executive (England and Wales),Translator,dscott@example.com,Nelsonstad,392-801-4512x730,92132,sdklmyhS
Karen,Perez,Animal nutritionist,Exhibition designer,sullivanbrett@example.net,Hectorview,608.445.0254x24187,70062,oxd5mHPW
Christian,Boyd,Radiation protection practitioner,Systems analyst,dterrell@example.org,South Benjamin,(251)981-9094x8519,76151,gRmcI3va
Hunter,Cooper,"Engineer, site",Accounting technician,clarkangela@example.com,Port Jeremyburgh,001-811-965-7628,45352,sIFbYsZt
Stephen,Davis,"Therapist, nutritional",Multimedia specialist,tayloroscar@example.org,Seanside,787.850.8598x64394,28711,D8Buv5nl
Jesse,Cardenas,Microbiologist,Health promotion specialist,zcox@example.org,Toddland,866.652.0829,34853,EEorpLXv
William,Lawson,"Buyer, retail",Tree surgeon,lauren86@example.org,Williamsmouth,001-496-761-7477,33401,DK9SsaDw
Michelle,Hill,Patent examiner,Educational psychologist,zwilson@example.com,New Kimberly,(855)814-9043x1673,49373,Rey99Js9
Claudia,Galloway,Chartered management accountant,Chartered management accountant,huertaamanda@example.org,South Micheal,+1-814-333-7355,7255,Hvta8DAk
James,Watson,Scientific laboratory technician,"Horticulturist, amenity",wrightandrew@example.com,Port Breanna,001-573-690-2630x67018,45458,dyyPhnmh
Nicholas,Summers,"Designer, television/film set","Designer, interior/spatial",ggray@example.net,Lake Lindsayland,310-782-1435,38667,UUtMT4Dg
